{
    "rho_c": 12.52126126126126,
    "epsilon": 0.0034509701874657953,
    "w_bar_c": 0.033694135945881186
}