{
  "runtime_data": [],
  "static_data": {
    "N": 10,
    "P": [
      [
        2.1504670996036586,
        2.0461622724826954e-10,
        7.021027172263781e-11,
        6.30786880170029e-10,
        2.213636188680223,
        7.301745786207579e-10,
        1.1290134908491625,
        -2.387009603160528e-10,
        -7.75875319538154e-11,
        2.837067804092801e-10,
        0.06208978488905419,
        -2.742237172926071e-11
      ],
      [
        2.0461622724826954e-10,
        2.277536998733186,
        -1.5753718656906477e-10,
        -2.673868537616744,
        5.025497283986446e-10,
        2.174879218058034e-10,
        4.336048101098564e-10,
        1.2451264326162559,
        -1.8105280881901523e-11,
        -0.07545481403544861,
        8.203940757329925e-11,
        -2.673076483179015e-12
      ],
      [
        7.021027172263781e-11,
        -1.5753718656906477e-10,
        2.1077042557914414,
        3.811546450373799e-10,
        1.6486805045457136e-10,
        1.4707592731096313e-09,
        4.093293370346228e-11,
        -1.2979481351061325e-10,
        0.7397382971474572,
        5.42223744346657e-11,
        3.146739179996007e-11,
        3.98391309133157e-11
      ],
      [
        6.30786880170029e-10,
        -2.673868537616744,
        3.811546450373799e-10,
        12.30518420002777,
        3.7649387332804436e-09,
        -6.933406616256805e-10,
        7.005944214177643e-10,
        -3.3999256646991354,
        1.1833175115655983e-10,
        0.681631639911234,
        8.265653514023833e-10,
        -1.067290720783798e-10
      ],
      [
        2.213636188680223,
        5.025497283986446e-10,
        1.6486805045457136e-10,
        3.7649387332804436e-09,
        10.515585384130155,
        2.404697418050227e-09,
        2.9320368530992673,
        -7.375464364595963e-10,
        -7.464452060200682e-12,
        1.0848424961831092e-09,
        0.4916877687326576,
        3.5035219737046347e-10
      ],
      [
        7.301745786207579e-10,
        2.174879218058034e-10,
        1.4707592731096313e-09,
        -6.933406616256805e-10,
        2.404697418050227e-09,
        5.247353447506389,
        7.827235933333378e-10,
        1.929026574161692e-10,
        1.0942564399277375e-09,
        -8.256546475737545e-11,
        2.809564784611901e-10,
        0.22832880132078343
      ],
      [
        1.1290134908491625,
        4.336048101098564e-10,
        4.093293370346228e-11,
        7.005944214177643e-10,
        2.9320368530992673,
        7.827235933333378e-10,
        1.3887502852052762,
        3.1814139088922616e-11,
        -2.55170873591004e-11,
        3.282176338905203e-10,
        0.13238897585429416,
        7.273423596206583e-11
      ],
      [
        -2.387009603160528e-10,
        1.2451264326162559,
        -1.2979481351061325e-10,
        -3.3999256646991354,
        -7.375464364595963e-10,
        1.929026574161692e-10,
        3.1814139088922616e-11,
        1.491113616700438,
        -3.489388268285599e-11,
        -0.16719251154877549,
        -1.0103126108701432e-10,
        2.2410474560961766e-11
      ],
      [
        -7.75875319538154e-11,
        -1.8105280881901523e-11,
        0.7397382971474572,
        1.1833175115655983e-10,
        -7.464452060200682e-12,
        1.0942564399277375e-09,
        -2.55170873591004e-11,
        -3.489388268285599e-11,
        0.7368337216420914,
        3.1465713411954016e-11,
        2.8750129885833435e-11,
        -1.577821794951569e-11
      ],
      [
        2.837067804092801e-10,
        -0.07545481403544861,
        5.42223744346657e-11,
        0.681631639911234,
        1.0848424961831092e-09,
        -8.256546475737545e-11,
        3.282176338905203e-10,
        -0.16719251154877549,
        3.1465713411954016e-11,
        0.1319089193542568,
        1.7487842542597494e-10,
        -3.0545800823174777e-11
      ],
      [
        0.06208978488905419,
        8.203940757329925e-11,
        3.146739179996007e-11,
        8.265653514023833e-10,
        0.4916877687326576,
        2.809564784611901e-10,
        0.13238897585429416,
        -1.0103126108701432e-10,
        2.8750129885833435e-11,
        1.7487842542597494e-10,
        0.09198382176212218,
        9.407079505348226e-11
      ],
      [
        -2.742237172926071e-11,
        -2.673076483179015e-12,
        3.98391309133157e-11,
        -1.067290720783798e-10,
        3.5035219737046347e-10,
        0.22832880132078343,
        7.273423596206583e-11,
        2.2410474560961766e-11,
        -1.577821794951569e-11,
        -3.0545800823174777e-11,
        9.407079505348226e-11,
        0.12016683166289746
      ]
    ],